Case,Backend,Ref,Avg_us,vs_ref,Check,MaxDiff
B2_S131072_Q12_KV1_D128,npu_fa,ref,1221287.20,100.0%,ref,0.00000
B2_S131072_Q12_KV1_D128,tl_expert_v1,,1792042.66,146.7%,PASS,0.00005
B2_S131072_Q12_KV1_D128,tl_stream_v3,,1116421.16,91.4%,PASS,0.00005
B2_S131072_Q12_KV1_D128,tl_attention_fp32_v2,,934714.33,76.5%,PASS,0.00005
B2_S65536_Q12_KV1_D128,npu_fa,ref,300353.20,100.0%,ref,0.00000
B2_S65536_Q12_KV1_D128,tl_expert_v1,,447935.85,149.1%,PASS,0.00009
B2_S65536_Q12_KV1_D128,tl_stream_v3,,276739.01,92.1%,PASS,0.00009
B2_S65536_Q12_KV1_D128,tl_attention_fp32_v2,,233308.37,77.7%,PASS,0.00009
B1_S32768_Q12_KV1_D128,npu_fa,ref,37608.14,100.0%,ref,0.00000
B1_S32768_Q12_KV1_D128,tl_expert_v1,,56061.99,149.1%,PASS,0.00009
B1_S32768_Q12_KV1_D128,tl_stream_v3,,34540.61,91.8%,PASS,0.00009
B1_S32768_Q12_KV1_D128,tl_attention_fp32_v2,,29193.60,77.6%,PASS,0.00012
